宿春礼 杜延起,69242340
猫腻,21444969
阿耐,20296486
辰东,18662700
骷髅精灵,17566900
耳根,16463400
荆柯守,13845117
乱,12948216
常书欣,11765592
风凌天下,10124429
吱吱,9956100
三戒大师,8933812
鹅是老五,8822600
庚不让,8805353
特别白,8073648
唐家三少,7872500
李达,7735018
林海听涛,7625918
我吃西红柿,7063600
肥面包,6899928
